INSERT INTO user (username, email, password, admin) VALUES ('a', 'saa@gmail.com', '0cc175b9c0f1b6a831c399e269772661', true);
INSERT INTO user (username, email, password) VALUES ('b', 'b_b@de.de', '92eb5ffee6ae2fec3ad71c777531578f');
INSERT INTO category (name, creator) VALUES ('Math', 'a');
INSERT INTO category (name, creator) VALUES ('Ita', 'a');
INSERT INTO test (category, name, number, correct, mistake, questions) VALUES ('Ita', 'Grammatica', 2, 1, 0, '[{\"question\":\"Se andassi a scuola...\",\"answear\":1,\"options\":[\"...sapessi coniugare i congiuntivi\",\"...saprei coniugare i congiuntivi\"]},{\"question\":\"Passato remoto del verbo \'cuocere\', prima persona singolare:\",\"answear\":1,\"options\":[\"cuocetti\",\"cossi\",\"cobbi\",\"cuocei\"]}]') ;
INSERT INTO test (category, name, number, correct, mistake, questions) VALUES ('Ita', 'Proverbi', 2, 1, 0, '[{\"question\":\"Mogli e buoi...\",\"answear\":0,\"options\":[\"...dei paesi tuoi\",\"...meglio non confonderli\"]},{\"question\":\"Can che abbaia...\",\"answear\":2,\"options\":[\"...non dorme\",\"...poco cotto\",\"...non morde\"]}]') ;
INSERT INTO test (category, name, number, correct, mistake, questions) VALUES ('Math', 'Relazioni', 2, 1, 0, '[{\"question\":\"Una relazione tra due insiemi:\",\"answear\":1,\"options\":[\"...è una funzione che fa corrispondere elementi del primo insieme ad elementi del secondo\",\"è un sottoinsieme del prodotto cartesiano\"]},{\"question\":\"Una relazione è antisimmetrica:\",\"answear\":0,\"options\":[\"Se non è simmetrica\",\"Se dati due elementi (a, b) nella relazione allora anche (b, a) sta nella relazione\",\"Nessuna delle precedenti\"]}]') ;
INSERT INTO submission (user, category, test, result) VALUES ('b', 'Math', 'Relazioni', '100%') ;
INSERT INTO submission (user, category, test, result) VALUES ('b', 'Math', 'Relazioni', '0%') ;
INSERT INTO submission (user, category, test, result) VALUES ('b', 'Math', 'Relazioni', '100%') ;
INSERT INTO submission (user, category, test, result) VALUES ('b', 'Math', 'Relazioni', '100%') ;
INSERT INTO submission (user, category, test, result) VALUES ('b', 'Math', 'Relazioni', '100%') ;
INSERT INTO submission (user, category, test, result) VALUES ('b', 'Math', 'Relazioni', '100%') ;
INSERT INTO submission (user, category, test, result) VALUES ('b', 'Ita', 'Proverbi', '100%') ;
INSERT INTO submission (user, category, test, result) VALUES ('b', 'Math', 'Relazioni', '50%') ;
INSERT INTO category (name, creator) VALUES ('Music', 'a');
INSERT INTO submission (user, category, test, result) VALUES ('b', 'Math', 'Relazioni', '100%') ;
INSERT INTO submission (user, category, test, result) VALUES ('b', 'Ita', 'Grammatica', '66.66666666666666%') ;
INSERT INTO submission (user, category, test, result) VALUES ('b', 'Ita', 'Grammatica', '66.66666666666666%') ;
INSERT INTO submission (user, category, test, result) VALUES ('b', 'Ita', 'Grammatica', '66.66666666666666%') ;
INSERT INTO submission (user, category, test, result) VALUES ('b', 'Ita', 'Grammatica', '66%') ;
INSERT INTO user (username, email, password) VALUES ('luca96', 'luca@gmail.com', 'ff377aff39a9345a9cca803fb5c5c081');
